Workbook

Sheet Alle experimenten
A1: t_max | B1: cooling_factor | C1: cooling_it | D1: temp | E1: Random seed | F1: Penalty SA | G1: Total penalty | H1: Total tardiness | I1: Rekentijd SA (s) | J1: Rekentijd Improving Search (s) | K1: Totale rekentijd (s)
A2: 70000 | B2: 0.99344278 | C2: 100 | D2: 50 | E2: 1 | F2: 350.33333 | G2: 350.33333 | H2: 47.944444 | I2: 5.4573706 | J2: 0.0288698 | K2: 5.4862404
A3: 70000 | B3: 0.99344278 | C3: 100 | D3: 50 | E3: 9 | F3: 351.36111 | G3: 351.36111 | H3: 44.583333 | I3: 5.259797 | J3: 0.0281877 | K3: 5.2879847
A4: 70000 | B4: 0.99344278 | C4: 100 | D4: 50 | E4: 14 | F4: 1122.9444 | G4: 1122.9444 | H4: 119.63889 | I4: 5.2944044 | J4: 0.0342069 | K4: 5.3286113
A5: 70000 | B5: 0.99344278 | C5: 100 | D5: 50 | E5: 88 | F5: 328.11111 | G5: 328.11111 | H5: 49.277778 | I5: 5.3850468 | J5: 0.0428291 | K5: 5.4278759
A6: 70000 | B6: 0.99344278 | C6: 100 | D6: 50 | E6: 1040440 | F6: 301.77778 | G6: 301.77778 | H6: 47.333333 | I6: 5.3657833 | J6: 0.0300295 | K6: 5.3958128
A7: 70000 | B7: 0.95499259 | C7: 700 | D7: 50 | E7: 1 | F7: 597.08333 | G7: 597.08333 | H7: 59.416667 | I7: 5.3932919 | J7: 0.0281656 | K7: 5.4214575
A8: 70000 | B8: 0.95499259 | C8: 700 | D8: 50 | E8: 9 | F8: 434.58333 | G8: 434.58333 | H8: 53.333333 | I8: 5.4730687 | J8: 0.0293711 | K8: 5.5024398
A9: 70000 | B9: 0.95499259 | C9: 700 | D9: 50 | E9: 14 | F9: 1122.9444 | G9: 1122.9444 | H9: 119.63889 | I9: 5.3978388 | J9: 0.0274181 | K9: 5.4252569
A10: 70000 | B10: 0.95499259 | C10: 700 | D10: 50 | E10: 88 | F10: 598.52778 | G10: 598.52778 | H10: 66.055556 | I10: 5.3749436 | J10: 0.0260158 | K10: 5.4009594
A11: 70000 | B11: 0.95499259 | C11: 700 | D11: 50 | E11: 1040440 | F11: 405.83333 | G11: 395.33333 | H11: 50.944444 | I11: 5.3013154 | J11: 0.0516174 | K11: 5.3529328
A12: 70000 | B12: 0.93632921 | C12: 1000 | D12: 50 | E12: 1 | F12: 597.08333 | G12: 597.08333 | H12: 59.416667 | I12: 5.4329146 | J12: 0.0257679 | K12: 5.4586825
A13: 70000 | B13: 0.93632921 | C13: 1000 | D13: 50 | E13: 9 | F13: 363.27778 | G13: 363.27778 | H13: 46.305556 | I13: 5.3418183 | J13: 0.0258404 | K13: 5.3676587
... A211: 70000 | B211: 0.39810717 | C211: 14000 | D211: 500 | E211: 1040440 | F211: 261.83333 | G211: 245 | H211: 38.833333 | I211: 4.1996385 | J211: 0.0658939 | K211: 4.2655324

Sheet Samenvatting
A1: temp | B1: cooling_it | C1: Gemiddelde_penalty | D1: Beste_penalty | E1: Standaarddeviatie | F1: Gemiddelde_rekentijd | G1: Aantal_runs
A2: 50 | B2: 100 | C2: 490.90556 | D2: 301.77778 | E2: 353.89889 | F2: 5.385305 | G2: 5
A3: 50 | B3: 700 | C3: 629.69444 | D3: 395.33333 | E3: 290.82808 | F3: 5.4206093 | G3: 5
A4: 50 | B4: 1000 | C4: 635.65556 | D4: 352.52778 | E4: 318.07748 | F4: 5.4572971 | G4: 5
A5: 50 | B5: 1400 | C5: 479.70556 | D5: 308.08333 | E5: 188.48199 | F5: 5.4696701 | G5: 5
A6: 50 | B6: 7000 | C6: 553.83889 | D6: 237.05556 | E6: 264.44829 | F6: 5.5053738 | G6: 5
A7: 50 | B7: 14000 | C7: 361.72222 | D7: 172.05556 | E7: 113.80532 | F7: 5.6162934 | G7: 5
A8: 80 | B8: 100 | C8: 399.56111 | D8: 288.77778 | E8: 84.444624 | F8: 5.4640048 | G8: 5
A9: 80 | B9: 700 | C9: 406.81111 | D9: 331.77778 | E9: 82.782593 | F9: 5.4657563 | G9: 5
A10: 80 | B10: 1000 | C10: 340.83333 | D10: 256.25 | E10: 117.45137 | F10: 5.5310952 | G10: 5
A11: 80 | B11: 1400 | C11: 367.27222 | D11: 236.5 | E11: 117.11289 | F11: 5.5212596 | G11: 5
A12: 80 | B12: 7000 | C12: 365.27222 | D12: 180.88889 | E12: 115.86633 | F12: 5.4601329 | G12: 5
A13: 80 | B13: 14000 | C13: 340.91111 | D13: 285.16667 | E13: 76.960885 | F13: 5.4756071 | G13: 5
... A43: 500 | B43: 14000 | C43: 430.31111 | D43: 245 | E43: 216.5575 | F43: 4.419753 | G43: 5

Sheet Grafiek
A1: Temp | B1: cooling_it = 100 | C1: cooling_it = 700 | D1: cooling_it = 1000 | E1: cooling_it = 1400 | F1: cooling_it = 7000 | G1: cooling_it = 14000
A2: 50 | B2: =SUMIFS(Samenvatting!$C$2:$C$43,Samenvatting!$A$2:$A$43,$A2,Samenvatting!$B$2:$B$43,VALUE(SUBSTITUTE(B$1,"cooling_it = ",""))) -> 490.90556 | C2: =SUMIFS(Samenvatting!$C$2:$C$43,Samenvatting!$A$2:$A$43,$A2,Samenvatting!$B$2:$B$43,VALUE(SUBSTITUTE(C$1,"cooling_it = ",""))) -> 629.69444 | D2: =SUMIFS(Samenvatting!$C$2:$C$43,Samenvatting!$A$2:$A$43,$A2,Samenvatting!$B$2:$B$43,VALUE(SUBSTITUTE(D$1,"cooling_it = ",""))) -> 635.65556 | E2: =SUMIFS(Samenvatting!$C$2:$C$43,Samenvatting!$A$2:$A$43,$A2,Samenvatting!$B$2:$B$43,VALUE(SUBSTITUTE(E$1,"cooling_it = ",""))) -> 479.70556 | F2: =SUMIFS(Samenvatting!$C$2:$C$43,Samenvatting!$A$2:$A$43,$A2,Samenvatting!$B$2:$B$43,VALUE(SUBSTITUTE(F$1,"cooling_it = ",""))) -> 553.83889 | G2: =SUMIFS(Samenvatting!$C$2:$C$43,Samenvatting!$A$2:$A$43,$A2,Samenvatting!$B$2:$B$43,VALUE(SUBSTITUTE(G$1,"cooling_it = ",""))) -> 361.72222 | I2: =AVERAGE(B2:G2) -> 525.2537
A3: 80 | B3: =SUMIFS(Samenvatting!$C$2:$C$43,Samenvatting!$A$2:$A$43,$A3,Samenvatting!$B$2:$B$43,VALUE(SUBSTITUTE(B$1,"cooling_it = ",""))) -> 399.56111 | C3: =SUMIFS(Samenvatting!$C$2:$C$43,Samenvatting!$A$2:$A$43,$A3,Samenvatting!$B$2:$B$43,VALUE(SUBSTITUTE(C$1,"cooling_it = ",""))) -> 406.81111 | D3: =SUMIFS(Samenvatting!$C$2:$C$43,Samenvatting!$A$2:$A$43,$A3,Samenvatting!$B$2:$B$43,VALUE(SUBSTITUTE(D$1,"cooling_it = ",""))) -> 340.83333 | E3: =SUMIFS(Samenvatting!$C$2:$C$43,Samenvatting!$A$2:$A$43,$A3,Samenvatting!$B$2:$B$43,VALUE(SUBSTITUTE(E$1,"cooling_it = ",""))) -> 367.27222 | F3: =SUMIFS(Samenvatting!$C$2:$C$43,Samenvatting!$A$2:$A$43,$A3,Samenvatting!$B$2:$B$43,VALUE(SUBSTITUTE(F$1,"cooling_it = ",""))) -> 365.27222 | G3: =SUMIFS(Samenvatting!$C$2:$C$43,Samenvatting!$A$2:$A$43,$A3,Samenvatting!$B$2:$B$43,VALUE(SUBSTITUTE(G$1,"cooling_it = ",""))) -> 340.91111 | I3: =AVERAGE(B3:G3) -> 370.11019
A4: 100 | B4: =SUMIFS(Samenvatting!$C$2:$C$43,Samenvatting!$A$2:$A$43,$A4,Samenvatting!$B$2:$B$43,VALUE(SUBSTITUTE(B$1,"cooling_it = ",""))) -> 390.75 | C4: =SUMIFS(Samenvatting!$C$2:$C$43,Samenvatting!$A$2:$A$43,$A4,Samenvatting!$B$2:$B$43,VALUE(SUBSTITUTE(C$1,"cooling_it = ",""))) -> 384.83889 | D4: =SUMIFS(Samenvatting!$C$2:$C$43,Samenvatting!$A$2:$A$43,$A4,Samenvatting!$B$2:$B$43,VALUE(SUBSTITUTE(D$1,"cooling_it = ",""))) -> 381.5 | E4: =SUMIFS(Samenvatting!$C$2:$C$43,Samenvatting!$A$2:$A$43,$A4,Samenvatting!$B$2:$B$43,VALUE(SUBSTITUTE(E$1,"cooling_it = ",""))) -> 343.95556 | F4: =SUMIFS(Samenvatting!$C$2:$C$43,Samenvatting!$A$2:$A$43,$A4,Samenvatting!$B$2:$B$43,VALUE(SUBSTITUTE(F$1,"cooling_it = ",""))) -> 374.60556 | G4: =SUMIFS(Samenvatting!$C$2:$C$43,Samenvatting!$A$2:$A$43,$A4,Samenvatting!$B$2:$B$43,VALUE(SUBSTITUTE(G$1,"cooling_it = ",""))) -> 313.85556 | I4: =AVERAGE(B4:G4) -> 364.91759
A5: 120 | B5: =SUMIFS(Samenvatting!$C$2:$C$43,Samenvatting!$A$2:$A$43,$A5,Samenvatting!$B$2:$B$43,VALUE(SUBSTITUTE(B$1,"cooling_it = ",""))) -> 355.97222 | C5: =SUMIFS(Samenvatting!$C$2:$C$43,Samenvatting!$A$2:$A$43,$A5,Samenvatting!$B$2:$B$43,VALUE(SUBSTITUTE(C$1,"cooling_it = ",""))) -> 334.37222 | D5: =SUMIFS(Samenvatting!$C$2:$C$43,Samenvatting!$A$2:$A$43,$A5,Samenvatting!$B$2:$B$43,VALUE(SUBSTITUTE(D$1,"cooling_it = ",""))) -> 380.33889 | E5: =SUMIFS(Samenvatting!$C$2:$C$43,Samenvatting!$A$2:$A$43,$A5,Samenvatting!$B$2:$B$43,VALUE(SUBSTITUTE(E$1,"cooling_it = ",""))) -> 284.52222 | F5: =SUMIFS(Samenvatting!$C$2:$C$43,Samenvatting!$A$2:$A$43,$A5,Samenvatting!$B$2:$B$43,VALUE(SUBSTITUTE(F$1,"cooling_it = ",""))) -> 362.21111 | G5: =SUMIFS(Samenvatting!$C$2:$C$43,Samenvatting!$A$2:$A$43,$A5,Samenvatting!$B$2:$B$43,VALUE(SUBSTITUTE(G$1,"cooling_it = ",""))) -> 305.91667 | I5: =AVERAGE(B5:G5) -> 337.22222
A6: 150 | B6: =SUMIFS(Samenvatting!$C$2:$C$43,Samenvatting!$A$2:$A$43,$A6,Samenvatting!$B$2:$B$43,VALUE(SUBSTITUTE(B$1,"cooling_it = ",""))) -> 357.70556 | C6: =SUMIFS(Samenvatting!$C$2:$C$43,Samenvatting!$A$2:$A$43,$A6,Samenvatting!$B$2:$B$43,VALUE(SUBSTITUTE(C$1,"cooling_it = ",""))) -> 352.43333 | D6: =SUMIFS(Samenvatting!$C$2:$C$43,Samenvatting!$A$2:$A$43,$A6,Samenvatting!$B$2:$B$43,VALUE(SUBSTITUTE(D$1,"cooling_it = ",""))) -> 371.71111 | E6: =SUMIFS(Samenvatting!$C$2:$C$43,Samenvatting!$A$2:$A$43,$A6,Samenvatting!$B$2:$B$43,VALUE(SUBSTITUTE(E$1,"cooling_it = ",""))) -> 445.72222 | F6: =SUMIFS(Samenvatting!$C$2:$C$43,Samenvatting!$A$2:$A$43,$A6,Samenvatting!$B$2:$B$43,VALUE(SUBSTITUTE(F$1,"cooling_it = ",""))) -> 299.02222 | G6: =SUMIFS(Samenvatting!$C$2:$C$43,Samenvatting!$A$2:$A$43,$A6,Samenvatting!$B$2:$B$43,VALUE(SUBSTITUTE(G$1,"cooling_it = ",""))) -> 353.51111 | I6: =AVERAGE(B6:G6) -> 363.35093
A7: 200 | B7: =SUMIFS(Samenvatting!$C$2:$C$43,Samenvatting!$A$2:$A$43,$A7,Samenvatting!$B$2:$B$43,VALUE(SUBSTITUTE(B$1,"cooling_it = ",""))) -> 348.23889 | C7: =SUMIFS(Samenvatting!$C$2:$C$43,Samenvatting!$A$2:$A$43,$A7,Samenvatting!$B$2:$B$43,VALUE(SUBSTITUTE(C$1,"cooling_it = ",""))) -> 251.87778 | D7: =SUMIFS(Samenvatting!$C$2:$C$43,Samenvatting!$A$2:$A$43,$A7,Samenvatting!$B$2:$B$43,VALUE(SUBSTITUTE(D$1,"cooling_it = ",""))) -> 329.47222 | E7: =SUMIFS(Samenvatting!$C$2:$C$43,Samenvatting!$A$2:$A$43,$A7,Samenvatting!$B$2:$B$43,VALUE(SUBSTITUTE(E$1,"cooling_it = ",""))) -> 392.06667 | F7: =SUMIFS(Samenvatting!$C$2:$C$43,Samenvatting!$A$2:$A$43,$A7,Samenvatting!$B$2:$B$43,VALUE(SUBSTITUTE(F$1,"cooling_it = ",""))) -> 310.63333 | G7: =SUMIFS(Samenvatting!$C$2:$C$43,Samenvatting!$A$2:$A$43,$A7,Samenvatting!$B$2:$B$43,VALUE(SUBSTITUTE(G$1,"cooling_it = ",""))) -> 350.01667 | I7: =AVERAGE(B7:G7) -> 330.38426
A8: 500 | B8: =SUMIFS(Samenvatting!$C$2:$C$43,Samenvatting!$A$2:$A$43,$A8,Samenvatting!$B$2:$B$43,VALUE(SUBSTITUTE(B$1,"cooling_it = ",""))) -> 373.23333 | C8: =SUMIFS(Samenvatting!$C$2:$C$43,Samenvatting!$A$2:$A$43,$A8,Samenvatting!$B$2:$B$43,VALUE(SUBSTITUTE(C$1,"cooling_it = ",""))) -> 315.5 | D8: =SUMIFS(Samenvatting!$C$2:$C$43,Samenvatting!$A$2:$A$43,$A8,Samenvatting!$B$2:$B$43,VALUE(SUBSTITUTE(D$1,"cooling_it = ",""))) -> 332.17222 | E8: =SUMIFS(Samenvatting!$C$2:$C$43,Samenvatting!$A$2:$A$43,$A8,Samenvatting!$B$2:$B$43,VALUE(SUBSTITUTE(E$1,"cooling_it = ",""))) -> 283.46111 | F8: =SUMIFS(Samenvatting!$C$2:$C$43,Samenvatting!$A$2:$A$43,$A8,Samenvatting!$B$2:$B$43,VALUE(SUBSTITUTE(F$1,"cooling_it = ",""))) -> 350.83333 | G8: =SUMIFS(Samenvatting!$C$2:$C$43,Samenvatting!$A$2:$A$43,$A8,Samenvatting!$B$2:$B$43,VALUE(SUBSTITUTE(G$1,"cooling_it = ",""))) -> 430.31111 | I8: =AVERAGE(B8:G8) -> 347.58519
B10: =AVERAGE(B2:B8) -> 388.05238 | C10: =AVERAGE(C2:C8) -> 382.21825 | D10: =AVERAGE(D2:D8) -> 395.95476 | E10: =AVERAGE(E2:E8) -> 370.95794 | F10: =AVERAGE(F2:F8) -> 373.77381 | G10: =AVERAGE(G2:G8) -> 350.89206

Sheet Heatmap
A1: temp | B1: 100 | C1: 700 | D1: 1000 | E1: 1400 | F1: 7000 | G1: 14000
A2: 50 | B2: 490.90556 | C2: 629.69444 | D2: 635.65556 | E2: 479.70556 | F2: 553.83889 | G2: 361.72222
A3: 80 | B3: 399.56111 | C3: 406.81111 | D3: 340.83333 | E3: 367.27222 | F3: 365.27222 | G3: 340.91111
A4: 100 | B4: 390.75 | C4: 384.83889 | D4: 381.5 | E4: 343.95556 | F4: 374.60556 | G4: 313.85556
A5: 120 | B5: 355.97222 | C5: 334.37222 | D5: 380.33889 | E5: 284.52222 | F5: 362.21111 | G5: 305.91667
A6: 150 | B6: 357.70556 | C6: 352.43333 | D6: 371.71111 | E6: 445.72222 | F6: 299.02222 | G6: 353.51111
A7: 200 | B7: 348.23889 | C7: 251.87778 | D7: 329.47222 | E7: 392.06667 | F7: 310.63333 | G7: 350.01667
A8: 500 | B8: 373.23333 | C8: 315.5 | D8: 332.17222 | E8: 283.46111 | F8: 350.83333 | G8: 430.31111

Sheet SA gemiddle
A1: temp | B1: cooling_it = 100 | C1: cooling_it = 700 | D1: cooling_it = 1000 | E1: cooling_it = 1400 | F1: cooling_it = 7000 | G1: cooling_it = 14000 | I1: <-mean | J1: std | N1: Experiment
A2: 50 | B2: =AVERAGEIFS('Alle experimenten'!$F:$F,'Alle experimenten'!$D:$D,$A2,'Alle experimenten'!$C:$C,VALUE(TRIM(_xlfn.TEXTAFTER(B$1,"=")))) -> 490.90556 | C2: =AVERAGEIFS('Alle experimenten'!$F:$F,'Alle experimenten'!$D:$D,$A2,'Alle experimenten'!$C:$C,VALUE(TRIM(_xlfn.TEXTAFTER(C$1,"=")))) -> 631.79444 | D2: =AVERAGEIFS('Alle experimenten'!$F:$F,'Alle experimenten'!$D:$D,$A2,'Alle experimenten'!$C:$C,VALUE(TRIM(_xlfn.TEXTAFTER(D$1,"=")))) -> 636.75556 | E2: =AVERAGEIFS('Alle experimenten'!$F:$F,'Alle experimenten'!$D:$D,$A2,'Alle experimenten'!$C:$C,VALUE(TRIM(_xlfn.TEXTAFTER(E$1,"=")))) -> 479.70556 | F2: =AVERAGEIFS('Alle experimenten'!$F:$F,'Alle experimenten'!$D:$D,$A2,'Alle experimenten'!$C:$C,VALUE(TRIM(_xlfn.TEXTAFTER(F$1,"=")))) -> 568.11111 | G2: =AVERAGEIFS('Alle experimenten'!$F:$F,'Alle experimenten'!$D:$D,$A2,'Alle experimenten'!$C:$C,VALUE(TRIM(_xlfn.TEXTAFTER(G$1,"=")))) -> 362.92222 | N2: 2.1
A3: 80 | B3: =AVERAGEIFS('Alle experimenten'!$F:$F,'Alle experimenten'!$D:$D,$A3,'Alle experimenten'!$C:$C,VALUE(TRIM(_xlfn.TEXTAFTER(B$1,"=")))) -> 425.76111 | C3: =AVERAGEIFS('Alle experimenten'!$F:$F,'Alle experimenten'!$D:$D,$A3,'Alle experimenten'!$C:$C,VALUE(TRIM(_xlfn.TEXTAFTER(C$1,"=")))) -> 412.57778 | D3: =AVERAGEIFS('Alle experimenten'!$F:$F,'Alle experimenten'!$D:$D,$A3,'Alle experimenten'!$C:$C,VALUE(TRIM(_xlfn.TEXTAFTER(D$1,"=")))) -> 340.83333 | E3: =AVERAGEIFS('Alle experimenten'!$F:$F,'Alle experimenten'!$D:$D,$A3,'Alle experimenten'!$C:$C,VALUE(TRIM(_xlfn.TEXTAFTER(E$1,"=")))) -> 367.27222 | F3: =AVERAGEIFS('Alle experimenten'!$F:$F,'Alle experimenten'!$D:$D,$A3,'Alle experimenten'!$C:$C,VALUE(TRIM(_xlfn.TEXTAFTER(F$1,"=")))) -> 367.67222 | G3: =AVERAGEIFS('Alle experimenten'!$F:$F,'Alle experimenten'!$D:$D,$A3,'Alle experimenten'!$C:$C,VALUE(TRIM(_xlfn.TEXTAFTER(G$1,"=")))) -> 340.91111 | I3: =AVERAGE(C3:G3) -> 365.85333 | J3: {=_xlfn.STDEV.S(_xlfn._xlws.FILTER('Alle experimenten'!$F$2:$F$1000,'Alle experimenten'!$D$2:$D$1000=A3))} -> 101.25639
A4: 100 | B4: =AVERAGEIFS('Alle experimenten'!$F:$F,'Alle experimenten'!$D:$D,$A4,'Alle experimenten'!$C:$C,VALUE(TRIM(_xlfn.TEXTAFTER(B$1,"=")))) -> 390.75 | C4: =AVERAGEIFS('Alle experimenten'!$F:$F,'Alle experimenten'!$D:$D,$A4,'Alle experimenten'!$C:$C,VALUE(TRIM(_xlfn.TEXTAFTER(C$1,"=")))) -> 388.67222 | D4: =AVERAGEIFS('Alle experimenten'!$F:$F,'Alle experimenten'!$D:$D,$A4,'Alle experimenten'!$C:$C,VALUE(TRIM(_xlfn.TEXTAFTER(D$1,"=")))) -> 383.4 | E4: =AVERAGEIFS('Alle experimenten'!$F:$F,'Alle experimenten'!$D:$D,$A4,'Alle experimenten'!$C:$C,VALUE(TRIM(_xlfn.TEXTAFTER(E$1,"=")))) -> 343.95556 | F4: =AVERAGEIFS('Alle experimenten'!$F:$F,'Alle experimenten'!$D:$D,$A4,'Alle experimenten'!$C:$C,VALUE(TRIM(_xlfn.TEXTAFTER(F$1,"=")))) -> 374.60556 | G4: =AVERAGEIFS('Alle experimenten'!$F:$F,'Alle experimenten'!$D:$D,$A4,'Alle experimenten'!$C:$C,VALUE(TRIM(_xlfn.TEXTAFTER(G$1,"=")))) -> 314.52222 | I4: =AVERAGE(C4:G4) -> 361.03111 | J4: {=_xlfn.STDEV.S(_xlfn._xlws.FILTER('Alle experimenten'!$F$2:$F$1000,'Alle experimenten'!$D$2:$D$1000=A4))} -> 116.72029
A5: 120 | B5: =AVERAGEIFS('Alle experimenten'!$F:$F,'Alle experimenten'!$D:$D,$A5,'Alle experimenten'!$C:$C,VALUE(TRIM(_xlfn.TEXTAFTER(B$1,"=")))) -> 355.97222 | C5: =AVERAGEIFS('Alle experimenten'!$F:$F,'Alle experimenten'!$D:$D,$A5,'Alle experimenten'!$C:$C,VALUE(TRIM(_xlfn.TEXTAFTER(C$1,"=")))) -> 334.37222 | D5: =AVERAGEIFS('Alle experimenten'!$F:$F,'Alle experimenten'!$D:$D,$A5,'Alle experimenten'!$C:$C,VALUE(TRIM(_xlfn.TEXTAFTER(D$1,"=")))) -> 380.50556 | E5: =AVERAGEIFS('Alle experimenten'!$F:$F,'Alle experimenten'!$D:$D,$A5,'Alle experimenten'!$C:$C,VALUE(TRIM(_xlfn.TEXTAFTER(E$1,"=")))) -> 341.56667 | F5: =AVERAGEIFS('Alle experimenten'!$F:$F,'Alle experimenten'!$D:$D,$A5,'Alle experimenten'!$C:$C,VALUE(TRIM(_xlfn.TEXTAFTER(F$1,"=")))) -> 366.14444 | G5: =AVERAGEIFS('Alle experimenten'!$F:$F,'Alle experimenten'!$D:$D,$A5,'Alle experimenten'!$C:$C,VALUE(TRIM(_xlfn.TEXTAFTER(G$1,"=")))) -> 310.35 | I5: =AVERAGE(C5:F5) -> 355.64722 | J5: {=_xlfn.STDEV.S(_xlfn._xlws.FILTER('Alle experimenten'!$F$2:$F$1000,'Alle experimenten'!$D$2:$D$1000=A5))} -> 73.808441
A6: 150 | B6: =AVERAGEIFS('Alle experimenten'!$F:$F,'Alle experimenten'!$D:$D,$A6,'Alle experimenten'!$C:$C,VALUE(TRIM(_xlfn.TEXTAFTER(B$1,"=")))) -> 364.37222 | C6: =AVERAGEIFS('Alle experimenten'!$F:$F,'Alle experimenten'!$D:$D,$A6,'Alle experimenten'!$C:$C,VALUE(TRIM(_xlfn.TEXTAFTER(C$1,"=")))) -> 384.11667 | D6: =AVERAGEIFS('Alle experimenten'!$F:$F,'Alle experimenten'!$D:$D,$A6,'Alle experimenten'!$C:$C,VALUE(TRIM(_xlfn.TEXTAFTER(D$1,"=")))) -> 371.71111 | E6: =AVERAGEIFS('Alle experimenten'!$F:$F,'Alle experimenten'!$D:$D,$A6,'Alle experimenten'!$C:$C,VALUE(TRIM(_xlfn.TEXTAFTER(E$1,"=")))) -> 449.72222 | F6: =AVERAGEIFS('Alle experimenten'!$F:$F,'Alle experimenten'!$D:$D,$A6,'Alle experimenten'!$C:$C,VALUE(TRIM(_xlfn.TEXTAFTER(F$1,"=")))) -> 299.24444 | G6: =AVERAGEIFS('Alle experimenten'!$F:$F,'Alle experimenten'!$D:$D,$A6,'Alle experimenten'!$C:$C,VALUE(TRIM(_xlfn.TEXTAFTER(G$1,"=")))) -> 353.84444 | I6: =AVERAGE(C6:F6) -> 376.19861 | J6: {=_xlfn.STDEV.S(_xlfn._xlws.FILTER('Alle experimenten'!$F$2:$F$1000,'Alle experimenten'!$D$2:$D$1000=A6))} -> 100.98374
A7: 200 | B7: =AVERAGEIFS('Alle experimenten'!$F:$F,'Alle experimenten'!$D:$D,$A7,'Alle experimenten'!$C:$C,VALUE(TRIM(_xlfn.TEXTAFTER(B$1,"=")))) -> 359.87222 | C7: =AVERAGEIFS('Alle experimenten'!$F:$F,'Alle experimenten'!$D:$D,$A7,'Alle experimenten'!$C:$C,VALUE(TRIM(_xlfn.TEXTAFTER(C$1,"=")))) -> 252.81111 | D7: =AVERAGEIFS('Alle experimenten'!$F:$F,'Alle experimenten'!$D:$D,$A7,'Alle experimenten'!$C:$C,VALUE(TRIM(_xlfn.TEXTAFTER(D$1,"=")))) -> 334.13889 | E7: =AVERAGEIFS('Alle experimenten'!$F:$F,'Alle experimenten'!$D:$D,$A7,'Alle experimenten'!$C:$C,VALUE(TRIM(_xlfn.TEXTAFTER(E$1,"=")))) -> 392.06667 | F7: =AVERAGEIFS('Alle experimenten'!$F:$F,'Alle experimenten'!$D:$D,$A7,'Alle experimenten'!$C:$C,VALUE(TRIM(_xlfn.TEXTAFTER(F$1,"=")))) -> 333.3 | G7: =AVERAGEIFS('Alle experimenten'!$F:$F,'Alle experimenten'!$D:$D,$A7,'Alle experimenten'!$C:$C,VALUE(TRIM(_xlfn.TEXTAFTER(G$1,"=")))) -> 350.01667 | I7: =AVERAGE(C7:F7) -> 328.07917 | J7: {=_xlfn.STDEV.S(_xlfn._xlws.FILTER('Alle experimenten'!$F$2:$F$1000,'Alle experimenten'!$D$2:$D$1000=A7))} -> 106.66357
A8: 500 | B8: =AVERAGEIFS('Alle experimenten'!$F:$F,'Alle experimenten'!$D:$D,$A8,'Alle experimenten'!$C:$C,VALUE(TRIM(_xlfn.TEXTAFTER(B$1,"=")))) -> 384.7 | C8: =AVERAGEIFS('Alle experimenten'!$F:$F,'Alle experimenten'!$D:$D,$A8,'Alle experimenten'!$C:$C,VALUE(TRIM(_xlfn.TEXTAFTER(C$1,"=")))) -> 315.5 | D8: =AVERAGEIFS('Alle experimenten'!$F:$F,'Alle experimenten'!$D:$D,$A8,'Alle experimenten'!$C:$C,VALUE(TRIM(_xlfn.TEXTAFTER(D$1,"=")))) -> 332.17222 | E8: =AVERAGEIFS('Alle experimenten'!$F:$F,'Alle experimenten'!$D:$D,$A8,'Alle experimenten'!$C:$C,VALUE(TRIM(_xlfn.TEXTAFTER(E$1,"=")))) -> 285.12778 | F8: =AVERAGEIFS('Alle experimenten'!$F:$F,'Alle experimenten'!$D:$D,$A8,'Alle experimenten'!$C:$C,VALUE(TRIM(_xlfn.TEXTAFTER(F$1,"=")))) -> 358.63333 | G8: =AVERAGEIFS('Alle experimenten'!$F:$F,'Alle experimenten'!$D:$D,$A8,'Alle experimenten'!$C:$C,VALUE(TRIM(_xlfn.TEXTAFTER(G$1,"=")))) -> 433.67778 | I8: =AVERAGE(C8:F8) -> 322.85833 | J8: {=_xlfn.STDEV.S(_xlfn._xlws.FILTER('Alle experimenten'!$F$2:$F$1000,'Alle experimenten'!$D$2:$D$1000=A8))} -> 105.47308
A9: 750 | I9: 365.85 | J9: 103.222
A11: ^mean | B11: =AVERAGE(B5:B8) -> 366.22917 | C11: =AVERAGE(C5:C8) -> 321.7 | D11: =AVERAGE(D5:D8) -> 354.63194 | E11: =AVERAGE(E5:E8) -> 367.12083 | F11: =AVERAGE(F5:F8) -> 339.33056 | G11: =AVERAGE(G5:G8) -> 361.97222
A12: ^std | B12: {=_xlfn.STDEV.S(_xlfn._xlws.FILTER('Alle experimenten'!$F$2:$F$1000,('Alle experimenten'!$C$2:$C$1000=VALUE(TRIM(_xlfn.TEXTAFTER(B$1,"="))))*('Alle experimenten'!$D$2:$D$1000>=120)))} -> 79.421143 | C12: {=_xlfn.STDEV.S(_xlfn._xlws.FILTER('Alle experimenten'!$F$2:$F$1000,('Alle experimenten'!$C$2:$C$1000=VALUE(TRIM(_xlfn.TEXTAFTER(C$1,"="))))*('Alle experimenten'!$D$2:$D$1000>=120)))} -> 110.31819 | D12: {=_xlfn.STDEV.S(_xlfn._xlws.FILTER('Alle experimenten'!$F$2:$F$1000,('Alle experimenten'!$C$2:$C$1000=VALUE(TRIM(_xlfn.TEXTAFTER(D$1,"="))))*('Alle experimenten'!$D$2:$D$1000>=120)))} -> 51.555769 | E12: {=_xlfn.STDEV.S(_xlfn._xlws.FILTER('Alle experimenten'!$F$2:$F$1000,('Alle experimenten'!$C$2:$C$1000=VALUE(TRIM(_xlfn.TEXTAFTER(E$1,"="))))*('Alle experimenten'!$D$2:$D$1000>=120)))} -> 122.04854 | F12: {=_xlfn.STDEV.S(_xlfn._xlws.FILTER('Alle experimenten'!$F$2:$F$1000,('Alle experimenten'!$C$2:$C$1000=VALUE(TRIM(_xlfn.TEXTAFTER(F$1,"="))))*('Alle experimenten'!$D$2:$D$1000>=120)))} -> 70.745885 | G12: {=_xlfn.STDEV.S(_xlfn._xlws.FILTER('Alle experimenten'!$F$2:$F$1000,('Alle experimenten'!$C$2:$C$1000=VALUE(TRIM(_xlfn.TEXTAFTER(G$1,"="))))*('Alle experimenten'!$D$2:$D$1000>=120)))} -> 128.07988
N19: 2.2
N34: 2.3
N50: 2.4
