Workbook

Sheet t_max
A1: t_max | B1: cooling_factor | C1: cooling_it | D1: temp | E1: Random seed | F1: Penalty SA | G1: Total penalty | H1: Total tardiness | I1: Rekentijd SA (s) | J1: Rekentijd Improving Search (s) | K1: Totale rekentijd (s) | L1: Gemiddelde
A2: 100 | B2: 0.99 | C2: 1000 | D2: 1000 | E2: 1 | F2: 4024.8889 | G2: 1071.7222 | H2: 134.25 | I2: 0.0081085 | J2: 0.667977 | K2: 0.6760855 | L2: =AVERAGEIF($A$2:$A$41,A2,$G$2:$G$41) -> 989.65
A3: 100 | B3: 0.99 | C3: 1000 | D3: 1000 | E3: 9 | F3: 4463.7222 | G3: 874.27778 | H3: 111.27778 | I3: 0.0080101 | J3: 0.2972427 | K3: 0.3052528 | L3: =AVERAGEIF($A$2:$A$41,A3,$G$2:$G$41) -> 989.65
A4: 100 | B4: 0.99 | C4: 1000 | D4: 1000 | E4: 14 | F4: 4286.0556 | G4: 476.13889 | H4: 68.361111 | I4: 0.0069018 | J4: 0.7965289 | K4: 0.8034307 | L4: =AVERAGEIF($A$2:$A$41,A4,$G$2:$G$41) -> 989.65
A5: 100 | B5: 0.99 | C5: 1000 | D5: 1000 | E5: 88 | F5: 4893.5833 | G5: 693.91667 | H5: 89.666667 | I5: 0.0062156 | J5: 0.3599332 | K5: 0.3661488 | L5: =AVERAGEIF($A$2:$A$41,A5,$G$2:$G$41) -> 989.65
A6: 100 | B6: 0.99 | C6: 1000 | D6: 1000 | E6: 1040440 | F6: 4400.8611 | G6: 1832.1944 | H6: 203.88889 | I6: 0.0063595 | J6: 0.2867148 | K6: 0.2930743 | L6: =AVERAGEIF($A$2:$A$41,A6,$G$2:$G$41) -> 989.65
A7: 500 | B7: 0.99 | C7: 1000 | D7: 1000 | E7: 1 | F7: 3380.4167 | G7: 1229.4444 | H7: 136.47222 | I7: 0.0315231 | J7: 0.4659533 | K7: 0.4974764 | L7: =AVERAGEIF($A$2:$A$41,A7,$G$2:$G$41) -> 945.3
A8: 500 | B8: 0.99 | C8: 1000 | D8: 1000 | E8: 9 | F8: 4080.1667 | G8: 1299.25 | H8: 160.41667 | I8: 0.0375193 | J8: 0.3531104 | K8: 0.3906297 | L8: =AVERAGEIF($A$2:$A$41,A8,$G$2:$G$41) -> 945.3
A9: 500 | B9: 0.99 | C9: 1000 | D9: 1000 | E9: 14 | F9: 3592.2778 | G9: 683.36111 | H9: 76.611111 | I9: 0.0377614 | J9: 0.5501859 | K9: 0.5879473 | L9: =AVERAGEIF($A$2:$A$41,A9,$G$2:$G$41) -> 945.3
A10: 500 | B10: 0.99 | C10: 1000 | D10: 1000 | E10: 88 | F10: 2866.6111 | G10: 956.66667 | H10: 127.75 | I10: 0.0451547 | J10: 0.5328664 | K10: 0.5780211 | L10: =AVERAGEIF($A$2:$A$41,A10,$G$2:$G$41) -> 945.3
A11: 500 | B11: 0.99 | C11: 1000 | D11: 1000 | E11: 1040440 | F11: 3707.9167 | G11: 557.77778 | H11: 69.166667 | I11: 0.0392879 | J11: 0.4632533 | K11: 0.5025412 | L11: =AVERAGEIF($A$2:$A$41,A11,$G$2:$G$41) -> 945.3
A12: 1000 | B12: 0.99 | C12: 1000 | D12: 1000 | E12: 1 | F12: 3380.4167 | G12: 1229.4444 | H12: 136.47222 | I12: 0.0752482 | J12: 0.635207 | K12: 0.7104552 | L12: =AVERAGEIF($A$2:$A$41,A12,$G$2:$G$41) -> 868.57222
A13: 1000 | B13: 0.99 | C13: 1000 | D13: 1000 | E13: 9 | F13: 3594.6944 | G13: 775.47222 | H13: 107.22222 | I13: 0.1674479 | J13: 0.7876801 | K13: 0.955128 | L13: =AVERAGEIF($A$2:$A$41,A13,$G$2:$G$41) -> 868.57222
... A41: 1000000 | B41: 0.99 | C41: 1000 | D41: 1000 | E41: 1040440 | F41: 208.11111 | G41: 208.11111 | H41: 29 | I41: 62.2172 | J41: 0.0219848 | K41: 62.239185 | L41: =AVERAGEIF($A$2:$A$41,A41,$G$2:$G$41) -> 207.30556

Sheet Gemid_tabel
A1: t_max | B1: Gemiddelde penalty | C1: Beste penalty
A2: 100 | B2: =AVERAGEIF(t_max!$A$2:$A$41,A2,t_max!$G$2:$G$41) -> 989.65 | C2: =_xlfn.MINIFS(t_max!$G$2:$G$41,t_max!$A$2:$A$41,A2) -> 476.13889
A3: 500 | B3: =AVERAGEIF(t_max!$A$2:$A$41,A3,t_max!$G$2:$G$41) -> 945.3 | C3: =_xlfn.MINIFS(t_max!$G$2:$G$41,t_max!$A$2:$A$41,A3) -> 557.77778
A4: 1000 | B4: =AVERAGEIF(t_max!$A$2:$A$41,A4,t_max!$G$2:$G$41) -> 868.57222 | C4: =_xlfn.MINIFS(t_max!$G$2:$G$41,t_max!$A$2:$A$41,A4) -> 557.77778
A5: 5000 | B5: =AVERAGEIF(t_max!$A$2:$A$41,A5,t_max!$G$2:$G$41) -> 730.7 | C5: =_xlfn.MINIFS(t_max!$G$2:$G$41,t_max!$A$2:$A$41,A5) -> 571.11111
A6: 10000 | B6: =AVERAGEIF(t_max!$A$2:$A$41,A6,t_max!$G$2:$G$41) -> 864.13889 | C6: =_xlfn.MINIFS(t_max!$G$2:$G$41,t_max!$A$2:$A$41,A6) -> 654.27778
A7: 50000 | B7: =AVERAGEIF(t_max!$A$2:$A$41,A7,t_max!$G$2:$G$41) -> 626.76667 | C7: =_xlfn.MINIFS(t_max!$G$2:$G$41,t_max!$A$2:$A$41,A7) -> 444.05556
A8: 500000 | B8: =AVERAGEIF(t_max!$A$2:$A$41,A8,t_max!$G$2:$G$41) -> 207.30556 | C8: =_xlfn.MINIFS(t_max!$G$2:$G$41,t_max!$A$2:$A$41,A8) -> 171.33333
A9: 1000000 | B9: =AVERAGEIF(t_max!$A$2:$A$41,A9,t_max!$G$2:$G$41) -> 207.30556 | C9: =_xlfn.MINIFS(t_max!$G$2:$G$41,t_max!$A$2:$A$41,A9) -> 171.33333
